sampled_at,replica_id,model_version,gpu_mem_pct,queue_depth,authoritative,source
2026-09-30T09:30:00Z,cand-r1,orion-3.1,60,2,true,gpu-agent
2026-10-01T09:30:00Z,cand-r1,orion-3.1,90,11,true,gpu-agent
2026-10-01T09:30:00Z,cand-r1,orion-3.1,5,0,false,ha-shadow
2026-09-30T09:30:00Z,stable-r1,orion-3.0,55,1,true,gpu-agent
2026-09-30T09:30:00Z,cand-r2,orion-3.1,61,2,true,gpu-agent
2026-10-01T09:30:00Z,cand-r2,orion-3.1,91,12,true,gpu-agent
2026-10-01T09:30:00Z,cand-r2,orion-3.1,5,0,false,ha-shadow
2026-09-30T09:30:00Z,stable-r2,orion-3.0,56,1,true,gpu-agent
2026-09-30T09:30:00Z,cand-r3,orion-3.1,62,2,true,gpu-agent
2026-10-01T09:30:00Z,cand-r3,orion-3.1,92,13,true,gpu-agent
2026-10-01T09:30:00Z,cand-r3,orion-3.1,5,0,false,ha-shadow
2026-09-30T09:30:00Z,stable-r3,orion-3.0,57,1,true,gpu-agent
2026-09-30T09:30:00Z,cand-r4,orion-3.1,63,2,true,gpu-agent
2026-10-01T09:30:00Z,cand-r4,orion-3.1,90,11,true,gpu-agent
2026-10-01T09:30:00Z,cand-r4,orion-3.1,5,0,false,ha-shadow
2026-09-30T09:30:00Z,stable-r4,orion-3.0,55,1,true,gpu-agent
2026-09-30T09:30:00Z,cand-r5,orion-3.1,64,2,true,gpu-agent
2026-10-01T09:30:00Z,cand-r5,orion-3.1,91,12,true,gpu-agent
2026-10-01T09:30:00Z,cand-r5,orion-3.1,5,0,false,ha-shadow
2026-09-30T09:30:00Z,stable-r5,orion-3.0,56,1,true,gpu-agent
2026-09-30T09:30:00Z,cand-r6,orion-3.1,65,2,true,gpu-agent
2026-10-01T09:30:00Z,cand-r6,orion-3.1,92,13,true,gpu-agent
2026-10-01T09:30:00Z,cand-r6,orion-3.1,5,0,false,ha-shadow
2026-09-30T09:30:00Z,stable-r6,orion-3.0,57,1,true,gpu-agent
