scenario_id,tenant_class,traffic_rps,mean_input_tokens,mean_output_tokens
pre-release,enterprise,15.0,1200,200
pre-release,pro,9.0,600,150
pre-release,free,6.0,200,80
base,enterprise,25.0,1200,200
base,pro,15.0,600,150
base,free,10.0,200,80
gpu-pressure,enterprise,60.0,1200,200
gpu-pressure,pro,36.0,600,150
gpu-pressure,free,24.0,200,80
tenant-skew,enterprise,56.0,1200,200
tenant-skew,pro,7.0,600,150
tenant-skew,free,7.0,200,80
quality-drift,enterprise,25.0,1200,200
quality-drift,pro,15.0,600,150
quality-drift,free,10.0,200,80
revoked-approval,enterprise,25.0,1200,200
revoked-approval,pro,15.0,600,150
revoked-approval,free,10.0,200,80
mixed-cap,enterprise,20.0,1200,200
mixed-cap,pro,20.0,600,150
mixed-cap,free,10.0,200,80
stable-tight,enterprise,30.0,1200,200
stable-tight,pro,18.0,600,150
stable-tight,free,12.0,200,80
cost-blocked,enterprise,20.0,1200,200
cost-blocked,pro,20.0,600,150
cost-blocked,free,10.0,200,80
joint-overload,enterprise,45.0,1200,200
joint-overload,pro,27.0,600,150
joint-overload,free,18.0,200,80
ops-01,enterprise,25.0,1200,200
ops-01,pro,15.0,600,150
ops-01,free,10.0,200,80
ops-02,enterprise,25.0,1200,200
ops-02,pro,15.0,600,150
ops-02,free,10.0,200,80
ops-03,enterprise,25.0,1200,200
ops-03,pro,15.0,600,150
ops-03,free,10.0,200,80
ops-04,enterprise,25.0,1200,200
ops-04,pro,15.0,600,150
ops-04,free,10.0,200,80
ops-05,enterprise,25.0,1200,200
ops-05,pro,15.0,600,150
ops-05,free,10.0,200,80
